îNåéì˙,2017/1/1,2017/1/2,2017/1/3,2017/1/4,2017/1/5,2017/1/6,2017/1/7,2017/1/8,2017/1/9,2017/1/10,2017/1/11,2017/1/12,2017/1/13,2017/1/14,2017/1/15,2017/1/16,2017/1/17,2017/1/18,2017/1/19,2017/1/20,2017/1/21,2017/1/22,2017/1/23,2017/1/24,2017/1/25,2017/1/26,2017/1/27,2017/1/28,2017/1/29,2017/1/30,2017/1/31,2017/2/1,2017/2/2,2017/2/3,2017/2/4,2017/2/5,2017/2/6,2017/2/7,2017/2/8,2017/2/9,2017/2/10,2017/2/11,2017/2/12,2017/2/13,2017/2/14,2017/2/15,2017/2/16,2017/2/17,2017/2/18,2017/2/19,2017/2/20,2017/2/21,2017/2/22,2017/2/23,2017/2/24,2017/2/25,2017/2/26,2017/2/27,2017/2/28,2017/3/1,2017/3/2,2017/3/3,2017/3/4,2017/3/5,2017/3/6,2017/3/7,2017/3/8,2017/3/9,2017/3/10,2017/3/11,2017/3/12,2017/3/13,2017/3/14,2017/3/15,2017/3/16,2017/3/17,2017/3/18,2017/3/19,2017/3/20,2017/3/21,2017/3/22,2017/3/23,2017/3/24,2017/3/25,2017/3/26,2017/3/27,2017/3/28,2017/3/29,2017/3/30,2017/3/31,2017/4/1,2017/4/2,2017/4/3,2017/4/4,2017/4/5,2017/4/6,2017/4/7,2017/4/8,2017/4/9,2017/4/10,2017/4/11,2017/4/12,2017/4/13,2017/4/14,2017/4/15,2017/4/16,2017/4/17,2017/4/18,2017/4/19,2017/4/20,2017/4/21,2017/4/22,2017/4/23,2017/4/24,2017/4/25,2017/4/26,2017/4/27,2017/4/28,2017/4/29,2017/4/30,2017/5/1,2017/5/2,2017/5/3,2017/5/4,2017/5/5,2017/5/6,2017/5/7,2017/5/8,2017/5/9,2017/5/10,2017/5/11,2017/5/12,2017/5/13,2017/5/14,2017/5/15,2017/5/16,2017/5/17,2017/5/18,2017/5/19,2017/5/20,2017/5/21,2017/5/22,2017/5/23,2017/5/24,2017/5/25,2017/5/26,2017/5/27,2017/5/28,2017/5/29,2017/5/30,2017/5/31,2017/6/1,2017/6/2,2017/6/3,2017/6/4,2017/6/5,2017/6/6,2017/6/7,2017/6/8,2017/6/9,2017/6/10,2017/6/11,2017/6/12,2017/6/13,2017/6/14,2017/6/15,2017/6/16,2017/6/17,2017/6/18,2017/6/19,2017/6/20,2017/6/21,2017/6/22,2017/6/23,2017/6/24,2017/6/25,2017/6/26,2017/6/27,2017/6/28,2017/6/29,2017/6/30,2017/7/1,2017/7/2,2017/7/3,2017/7/4,2017/7/5,2017/7/6,2017/7/7,2017/7/8,2017/7/9,2017/7/10,2017/7/11,2017/7/12,2017/7/13,2017/7/14,2017/7/15,2017/7/16,2017/7/17,2017/7/18,2017/7/19,2017/7/20,2017/7/21,2017/7/22,2017/7/23,2017/7/24,2017/7/25,2017/7/26,2017/7/27,2017/7/28,2017/7/29,2017/7/30,2017/7/31,2017/8/1,2017/8/2,2017/8/3,2017/8/4,2017/8/5,2017/8/6,2017/8/7,2017/8/8,2017/8/9,2017/8/10,2017/8/11,2017/8/12,2017/8/13,2017/8/14,2017/8/15,2017/8/16,2017/8/17,2017/8/18,2017/8/19,2017/8/20,2017/8/21,2017/8/22,2017/8/23,2017/8/24,2017/8/25,2017/8/26,2017/8/27,2017/8/28,2017/8/29,2017/8/30,2017/8/31,2017/9/1,2017/9/2,2017/9/3,2017/9/4,2017/9/5,2017/9/6,2017/9/7,2017/9/8,2017/9/9,2017/9/10,2017/9/11,2017/9/12,2017/9/13,2017/9/14,2017/9/15,2017/9/16,2017/9/17,2017/9/18,2017/9/19,2017/9/20,2017/9/21,2017/9/22,2017/9/23,2017/9/24,2017/9/25,2017/9/26,2017/9/27,2017/9/28,2017/9/29,2017/9/30,2017/10/1,2017/10/2,2017/10/3,2017/10/4,2017/10/5,2017/10/6,2017/10/7,2017/10/8,2017/10/9,2017/10/10,2017/10/11,2017/10/12,2017/10/13,2017/10/14,2017/10/15,2017/10/16,2017/10/17,2017/10/18,2017/10/19,2017/10/20,2017/10/21,2017/10/22,2017/10/23,2017/10/24,2017/10/25,2017/10/26,2017/10/27,2017/10/28,2017/10/29,2017/10/30,2017/10/31,2017/11/1,2017/11/2,2017/11/3,2017/11/4,2017/11/5,2017/11/6,2017/11/7,2017/11/8,2017/11/9,2017/11/10,2017/11/11,2017/11/12,2017/11/13,2017/11/14,2017/11/15,2017/11/16,2017/11/17,2017/11/18,2017/11/19,2017/11/20,2017/11/21,2017/11/22,2017/11/23,2017/11/24,2017/11/25,2017/11/26,2017/11/27,2017/11/28,2017/11/29,2017/11/30,2017/12/1,2017/12/2,2017/12/3,2017/12/4,2017/12/5,2017/12/6,2017/12/7,2017/12/8,2017/12/9,2017/12/10,2017/12/11,2017/12/12,2017/12/13,2017/12/14,2017/12/15,2017/12/16,2017/12/17,2017/12/18,2017/12/19,2017/12/20,2017/12/21,2017/12/22,2017/12/23,2017/12/24,2017/12/25,2017/12/26,2017/12/27,2017/12/28,2017/12/29,2017/12/30,2017/12/31
ç™é∫,7.2,5.7,4.4,3.1,5.4,5.4,6.2,4.5,2.1,1.6,8.2,8.1,6.4,8.9,9.1,0,3.7,0,0.7,6.9,6.3,0,0.1,6.6,7,9.1,1.3,6.1,8.4,0,6.1,8.5,4.6,8.5,8.3,9.5,0,3.5,4.7,8.7,0.1,1.6,1.4,3.1,4.2,6.7,8.5,1.3,9.2,7.5,5.7,7.6,7.8,0,4.7,10.1,5.2,10.7,10.8,8.3,0,1.2,10.6,10.2,10,1,11.2,11.2,7.2,7.5,11.5,5.2,5.7,6,1.6,7.7,10.7,8.8,10.6,10.1,0,6.1,8.2,7.9,11.6,5.8,9.4,9,8.7,10.2,5.4,7.5,0,9.7,12.1,11.1,4,2.4,0,12.1,9.6,0.2,7.5,12.4,5.5,8.8,11.4,0,4.6,5.7,9.6,6.6,1,9.2,8.2,1,3.6,7.6,3.8,10.7,9.5,9.2,13.2,13.1,9.9,4.1,12.6,1.4,11.6,11,0,9.7,1.4,0,1.5,0,7.4,14.2,13.7,12.9,9.7,0,0,0,0,0,0,6.1,9.4,10.9,12.2,1.4,0,0,0,7.9,12.9,11.5,0,13.6,7.1,0,12.2,13.9,9.3,0,4.4,14.2,0,1.4,8.4,0,0,11.6,0.1,0,3.5,5.7,11,10.2,7.6,13.7,6.9,5.8,3.5,7.2,6.9,13,13.8,14,7.6,0.6,8,14.2,14.2,14.1,7.3,0,2.2,2.9,0,0,1.8,0,0.9,5,11.2,10.1,0,1.1,0.1,0,3.9,3.8,0,4.6,0.9,6.7,11.5,0.7,0.5,2.1,0,0.8,0,0,0.3,1.2,0,9.7,7.9,0.5,6.3,0,7.3,0.1,7.4,8.2,11.7,2,0,0,0,1.9,0.7,0.9,12.1,12.5,1.2,0.4,0,1.1,2,5.6,0,1.2,0,0.5,11.3,10.9,0.4,11.1,10.6,4.8,11.8,5.5,4,0.5,11.1,2.9,0,9.2,11.1,10.7,5.9,0.2,8.7,7.8,9.8,0.4,6.1,0,0.4,0,0,3.3,10.6,6.4,9.6,3.1,8.6,6.2,1.3,0.1,0,0,10.1,10.1,9.7,9.8,9.6,0,0,1.6,6.5,9.5,0.2,0,6.2,9.4,6.9,1.5,6.9,5,4.8,4.7,8.5,6.3,9.2,2.3,9.3,0,3.4,9.3,8.6,4.7,0,8.7,8.8,0,9,8.5,7.1,7.6,8.7,8.9,4.8,8,0,8.8,8.8,0.3,8.7,8,1.8,6.7,1.5,2.3,6,0,7.2,8.7,5,8.7,8.7,8.4,5.1,6.1,0.4,6.6,6.5,7,6.7,2.4,0.8
î™åÀ,5.6,2.8,2.4,3.8,4,3.3,8.1,0.5,0.6,3.9,5,2.9,6.2,1.2,6.9,0,5.3,4.9,6.5,5.6,0.6,5.5,5.1,5.5,3.2,4.9,4.3,8.9,5,0,6.7,2.5,2.1,3.3,1.1,5.4,0,3,4.7,2.3,0,9.4,0.3,5.3,2.2,4.7,5.1,0.3,4.9,6.7,0,4.9,3.8,0.1,6.5,9.4,3.8,7.2,10.9,8.8,8.4,5.7,3,10.3,0.1,3.7,6.7,5.7,4.2,4.8,6.2,7.6,0.6,0.7,8.5,6.2,3.6,10.9,11.5,0,5.6,6.2,4.1,3.4,9.7,0,5.9,8.2,4.3,1.7,4.7,5.5,6,10.9,11.9,6.3,6.3,6.9,4,11.8,3.1,4.2,7.4,11.6,3.8,11,8.9,3.1,5.7,7.5,6.7,6.9,5,12.9,8.1,0.2,7.4,7.6,6.2,11.1,5.6,10.1,13.1,13.4,7.6,3.6,12.1,10,12.6,0.8,1.9,7.1,0,0,1.5,4.9,8.8,13.8,13.9,13.1,13.1,11.1,6.3,0,0,0,1.3,9.6,13.6,2,4.5,2.3,0,1.1,0.2,0.2,14.1,4.1,4.5,11.2,3.6,3.8,2.8,13.4,12,1.8,1.1,9.1,10.2,4.7,12.8,1.8,3.5,8.1,13.8,2.2,5,13.9,13.4,11.2,12.1,4.8,11.1,0,0.1,2,11.5,13.6,14,13.6,11.8,7.9,8.4,8.1,14,9.5,0.3,7.3,2.3,2.4,8.8,10.3,0.8,0.7,8.1,0.5,11.1,11.7,0,3.7,3,0,3.3,11.3,9,6.3,8.1,6.2,6.3,0,0,0,0,0,0,0,0,0,0,0,0,0.3,8.2,0.9,4.1,3.5,10.1,9.5,9.7,0.3,0,0.7,0.4,9.4,0,10,7.2,12,4.7,0,9.8,8.2,4.3,1,0.3,6.2,7.5,6.1,5.1,0,7.9,7.3,1.5,8.8,11.8,0.4,10.3,9,10.5,5.5,0,5.2,3.6,9,0,0.5,3.9,8.7,2.1,0,9.3,1.8,0,0,4.1,5.5,3.5,2.3,1.6,7.3,4.2,5.1,0,0,0,0,9.9,7.7,8.3,7,7.3,0,0.3,2.5,3.7,4.6,8.1,0.6,2.7,6.9,6.4,2.7,5.6,6.8,5.8,0.4,7.2,1.1,3.2,3.4,4.1,2.5,2.8,5.7,4,5.3,0,0.2,6.9,0,4.6,8,5.9,4.7,6.5,8.2,4,1.2,5.5,3.8,3.8,3.8,5.8,0.9,8,0.8,5.9,5,0.4,3.8,4.9,8,1.1,6.9,8.3,7,5.8,0,4.2,0,7.1,5,2.7,5,5.6
ìåãû,8.9,6.5,8.2,8.7,9,8.8,8.7,0,2.2,8.9,9,8.2,6.7,3.2,8.1,9.3,9.1,9.1,5.6,0,9.4,9.3,6.9,9.4,9.6,9.5,5.2,9.1,2.9,7.9,9.3,7.2,9.6,9.6,9.6,2.5,6.1,9.5,9.5,0,4,7.3,9.5,8,8.9,9.9,9.9,8.2,2.9,9.6,5.6,9.7,4.3,1.5,3.5,8.1,8.4,2,8.8,5.6,0,8.3,6.1,8.3,1.1,2.7,8.1,11.1,10.3,8.1,10.3,0.5,0,0,9.1,9,9.1,8.9,9.8,0,11.3,5.7,5.9,11.1,0,1.5,9.1,8.4,10.2,0.7,0,8.9,7.3,12,9.4,7.2,2.8,0,0,6.5,0,9.7,9.1,11.7,8.2,11.9,3.8,5.1,11.8,9,0.1,0.1,10.5,7,9.5,0,5,9.5,10.4,12.3,7.6,12.4,9.5,9.9,11.4,12.4,3.6,12.3,0.2,0,9.4,7.8,0,0.7,1.1,4.6,0.2,5.4,12.4,13.1,12.1,12.9,12.4,2.7,0.4,0,7,6.6,12,12.1,4.7,1.7,10.6,12.1,7.2,9.2,4.4,0,4.9,7,8.3,3.7,5,0,3.6,7.2,9.7,12.2,0,11,11.2,0,4.6,12.1,7.2,0,2.1,0,0,3.7,0.1,0.1,3.1,6.2,0.1,5,6.8,10.9,12.6,13.1,13.5,,10.3,5.6,12.1,11.5,6.6,,3.5,6.6,7.7,11.6,9.7,0,2.3,1.8,0,0,3.5,3.1,0.1,8.4,0,0.5,0.7,0.6,2.9,6.1,5,3.3,8.5,0,0,1.5,3.5,0,0,0,0.2,0.8,2.2,0.6,3.7,2.6,5.6,7.6,3.7,2.7,4.8,6.7,5.3,4.6,0,2.3,4.9,8.6,0,2.3,0,0.1,5.1,8.7,7.8,5.8,0.3,7.1,6.5,6.9,0,0,9.3,6.3,0,10.4,1.4,1.3,4,5.9,7.7,0.5,0.1,8.3,2.8,7.7,0,2.9,0.4,4.5,0,1.8,4,10.6,10.4,0.9,5.9,0,0,0,0,0,7.8,0,0,0,0,5.5,1.6,0,9.9,9.8,0,0,9.9,1.1,6.3,8.8,8.5,5.1,9.4,9.3,9.3,0,9.5,4.8,2.9,8.3,4.7,0,3.2,8.7,7.9,0,5.4,1.9,9.4,3.1,2.8,4.9,8.3,6.6,4.4,0.6,8.6,0,0.5,7.3,8.1,2.8,8.5,8.9,7.8,0.5,8.9,8.4,8.6,8.4,7.9,8.9,0.4,6.6,8.8,8.8,9,5.7,6.8,5.7,7.9,2.9,8.1,9,9,9,8.6,8.9,0.4
èºñ{,8.7,8.2,3.6,8.5,8.8,7.2,8.7,0,2.6,7.4,8.6,7.7,6.5,0.1,0.4,4.2,5.2,7.5,4.5,5.7,4.5,4.7,5.9,4.3,9.4,9.6,3.3,7.7,5,4.5,9.6,7.5,9.6,9.7,9.7,0.1,0,8.9,9.2,0,3.1,6.3,9.6,8.5,6.7,10,9.8,1,3.9,10.2,0.3,9,7,0.8,10.1,10.3,8.3,6.6,10,8,0.1,5.1,10,7.9,1.2,3,7,8.5,6.2,9.5,9.3,8.6,1.2,7.6,8.4,10.1,6.6,6.5,9.1,0,5.9,3.8,7.2,10.4,0,6.6,9.2,10.5,10,0,0,9.5,7.4,9.7,7.6,3,5.8,1.7,0.8,8.2,0,6.1,10.2,11,5.1,11.5,4.8,10.6,6.6,7.5,3.6,9.4,12.3,11.6,11.3,0.5,7,12.4,7.3,12.3,3.2,12.6,9,11.9,9.9,2.7,9.2,12.5,0,1.5,4.4,6.9,0,9.2,3.6,8.7,3.2,9.6,12.5,13,11.6,10.2,11.6,0,0.5,0.5,12.7,11.9,13,11.6,4.6,6.1,9.2,11.7,12.7,12.5,12.3,0,5.7,9.8,5.9,11.9,12.8,7.7,10.9,9.6,13.4,12.9,0,11.9,11,0,7.5,11.2,6.1,0,9,3.5,2.6,5.3,0.6,0,1.4,4.6,0,7,10.1,9.6,10.5,8.6,12.2,9.8,7.9,5.5,6,9.7,4.1,9.1,6.4,10.5,8.2,10.4,6.9,0,3.3,0.4,1.5,2.5,4.1,0.8,0.2,9.7,0.9,5.9,1.9,8.4,10.4,5.6,5.8,0.5,11.6,5.5,4.5,7.7,6,3.6,0,0,4.8,1.9,6.1,7.9,6.9,3.5,4.9,6.9,0.2,6.4,9.6,6.9,7.2,1.1,3.3,10.6,4.5,10.1,6.2,7.5,0.6,0.1,9.3,8.9,10.2,0.1,2.7,8.8,8.7,8.5,0,0,8.3,10.6,2.4,10.8,2,2.7,6.7,9.2,9.7,3.2,0,9.2,9.2,8,0,0.8,1.6,7.8,0.1,0.6,7.4,10.3,9.8,7.5,0.1,0,0.5,0,0,1.2,5.3,0,0,0,0,4.8,2.2,0.2,9.3,8.1,0,0,5.4,9.9,8,9.4,8.9,0.6,9.1,9.7,9.4,0.1,8.4,9.5,4.5,9.4,7.6,0.2,7.3,7.9,5.9,0,8.1,1.6,8.6,2.8,3.1,5.3,8.3,5.6,6.2,5.6,6.6,0,7.9,6.5,8.5,3.6,5.5,5.1,8.6,0,7.6,6.5,5,7.3,5.5,8.6,8.5,3.7,2.8,8.8,7.5,8.5,8.8,8.8,8.4,3.7,4.9,5.4,0,8.5,8.4,8.9,1.3
ã‡ëÚ,3.5,4.7,1.9,0.1,1,5.2,8.8,0,1.2,3.7,0.9,0.4,0.6,0.5,1.6,0,0.2,6.6,2.5,1.8,1,0.1,0.4,0.7,2.1,7.8,0,8,3.9,0,1.1,2.9,1.7,5.3,9.4,0,0.1,0,1.2,0,0.2,2.4,0.1,2.4,1.6,2.3,9.8,0,5.1,7.6,0,1.1,5.7,0,3.3,6.4,1.4,6.9,4.3,7.5,2.8,8.3,10.6,6.8,0.7,0.1,3.4,1.5,4.8,2.6,8.9,8.7,2.8,1.9,5.3,9.6,7.5,9.4,8.9,0,6.5,2.9,5.1,11.4,4,5.8,7.3,7.9,9.9,0,3.4,12.1,5.4,10.8,7.6,0.4,1.3,2.2,0,10.5,0,6.4,7.1,11.4,3.6,10.9,2.4,1.7,3.1,7,4.1,7.7,13,12.4,6.7,0,11.6,12.7,9.7,12,4.7,12.4,7.3,12.2,8,0,10.8,12.1,0,0.5,3.2,5.1,0,6.9,9.4,9.8,9.1,13,13.9,13.1,11.9,12.6,10.5,0,4.5,3,4.6,10.3,11.6,10.7,5.7,8.6,4.6,2.8,10.4,14.1,13,0,1.9,11.7,1.9,14.2,6.7,0,13.9,9.7,6.3,9.5,3.7,13.5,10.3,0.4,9.3,12.3,6.5,0,10.4,7.5,7,7,0,0,3,6.8,0,4.1,9.1,13.9,12.3,0.8,7.4,9.3,2.8,6.8,11.2,10.4,0.1,7.5,5.2,11.9,11.8,13.2,6.4,0,0,0,12,8.3,3.6,5.3,3.7,9.6,0.8,12.8,10.2,11.9,13.1,9.7,6.3,0,6.7,1.4,9.5,1.2,4.6,0.9,0.6,1.9,11.2,4.1,8,7.5,9.2,2.7,3.4,5.7,2.1,10.1,9.2,7.8,5.5,6.4,7.5,9.9,4.4,7.4,6.2,7.5,0,0,10.8,10.9,9.3,2.2,3.2,10,8.5,6.3,0,0,4.7,10.3,3.3,9.7,4.2,6.4,11.3,10.8,11.1,1.4,0.5,7.7,10,6.6,0,0.4,6.7,10.2,0.1,0.7,3.8,8.4,9.4,6.1,0,3.7,2.2,0,0,8.7,3.5,0,0.5,0,0,0,6.3,0.8,10.2,9.3,0,0,0.2,7.5,7.6,8.7,9.6,0,9.5,10.1,9.6,2.6,3.7,9.8,1.1,5.2,8.3,0.7,2.5,2,3.3,0,1,0.3,5.6,2.7,1.8,0.7,1,0.1,5.9,9.4,2,0,2,5.3,7.7,3.4,0.2,1.5,7.7,0,4.9,4.3,0.1,0.8,0,0.9,2.5,0,0,2.2,0,2.9,3,1.6,5,2.4,1,0.3,1.5,0.5,2.3,1.5,1.7
ëÂç„,6.9,7.5,5.2,6.6,4.9,7.4,7.5,0,2.3,7.6,4.8,6.8,6.8,7.8,7.4,5.8,5.6,8.5,3.9,1.9,6,1.2,1.1,3.1,5.2,10,5.1,9.6,2.7,3.3,4.2,4,2.3,5,9.9,0,4.8,4,3.7,0.1,5.9,4.8,6.2,3.1,3.9,7.3,9.1,0,3.2,10.8,0.5,6.8,5.2,0,4.4,10,8.6,10.3,10.4,5.5,5.2,4.3,8.8,6.4,0.6,4.4,9.4,6.9,3.7,5.8,10.2,0.2,3.9,6.2,5.3,9.9,6.2,10.6,8.4,0.4,7.2,3.9,8.4,5.1,3.8,7.9,9.8,8.7,9.7,0,2.9,12.1,11.8,11.9,3.3,0.9,0,0,0.4,1.3,0,4,11.7,11.6,4.7,12,0.7,7.9,8.9,4.7,1.9,10.3,13,12.5,7.2,0,7.5,12.7,10.7,12.4,8.2,12.1,3.7,8.3,10.5,0.6,10.5,12.1,0,3.7,9.3,6.4,0,11.2,7.8,4,7.4,13.6,13.6,13.1,11.2,12.9,8.2,0,0.8,7.1,10,12.6,12.4,9.5,5,8.3,8.3,11.5,12.8,11.4,8.2,0,2.6,11.5,12,3.5,7.9,11.7,13.9,13.6,12,11.3,4.7,13.4,4.1,0.6,2.5,11.3,6.1,0,3.9,0.8,3.8,0.6,3.7,9.3,9.3,12.1,1,0.3,7.2,8.3,7.4,0,6.1,11.2,3.3,9.1,7.5,11,9.7,3.2,5.4,9.4,10.5,2.8,9.8,1,4.7,1.4,9.9,4.2,4,3.4,5.3,5.9,5.6,9.1,9.6,7.9,7.5,10.3,0,2.5,10.3,7.9,7.2,4.3,8,2.4,0.1,3.8,6.4,7.2,10,11.9,8.8,5.8,5.9,12.1,7,2.5,12.1,2.6,9.3,6.2,10.5,11.5,9.4,7.6,0.7,2.1,0.8,0.1,9.2,10,9.5,1.2,0.8,8.5,5.8,4.8,0,1.9,6.1,8.3,0,5.9,0.3,1.4,5.7,11.4,11.3,3.1,0.4,11.3,9.3,6.5,0,2.8,7.1,3.5,0,0.2,8.4,7.7,9.6,10.2,0,0,0.2,0,0,0,3.5,0,0.1,0,0,3.8,1.8,4.4,10.4,10,0,0,4.9,9.9,10.4,10.4,8.4,6.1,9,10,5.5,0,7.6,10,4.4,5.9,9.7,0,8.2,7.1,7.6,0,7.3,0.1,6.1,2.7,5.9,8.3,8.2,1.5,8.9,9,0,0.6,6.2,7.4,9.2,1.8,6.2,9,9.2,0.4,5.5,5.6,4,7,7,8.5,6.9,0.6,6,9,4.9,9.4,7.4,9.3,6.1,3.5,4.4,3.7,5.1,2.8,1.7,6.5,0.9
â™éR,9.2,3.6,7.1,7,4.6,7.5,6.1,0,1.8,7.8,8.7,4.6,6.6,7.2,6.9,7.1,5.8,8.9,4.3,2.2,6.8,4.4,5.7,6.4,6.2,9.9,3.7,9.6,0.4,2.9,3.4,1.6,7.1,8,9.9,0,6.7,4.4,5.9,2.6,6.9,6.6,7.5,8.7,6.3,10.4,8.6,0,3.5,9.8,0,8.8,3.9,2,8.3,8.1,4.8,8.7,10.9,5.5,4,6,9.6,4.5,3.2,7.1,8.7,5.7,9.9,9,10.7,2.4,4,6.2,6,10.8,5.5,10.2,6.9,1.9,6.9,1.8,9.8,3.8,7.6,5.1,5.1,7.3,4.9,0,6.3,8.6,12,11.4,5.4,0.3,0.1,0,2.6,0.5,0,4.9,12,11.9,2.8,11.2,0,6.4,12.4,3.9,4.2,10.5,12.8,11,6.2,0,6.1,12.5,9.5,12.2,9.5,12,5.9,9.9,9,1.3,11.5,10.2,0,1,10.9,3.5,2.4,11.9,2.8,1.9,4,12.9,13.3,13,7.8,12.8,10.2,0,6.2,8.5,6.7,13.6,12.9,9.8,2,8.9,11.9,10.1,12.4,10.6,7,0,4,11.8,11,0.1,7.5,9.8,11.8,13.4,6.1,11.7,6.9,13,3.2,3.2,3.2,11.1,5.2,0.3,2.8,1.7,3.3,0.3,1.7,7.3,5.4,10.3,0.4,0.4,4,4.1,2.5,0.2,1,2.5,3.3,9.1,6.2,9.6,10.4,6.8,3.4,6.5,10.9,10.4,6,1.7,4.3,3.7,2.2,7.3,2.2,2.8,6.8,2.6,6.9,9.1,11.7,12.2,6.2,9.8,0,8,4.4,6,7.3,5.1,6.6,3,0.2,3.5,7.6,7.4,11.2,9.2,6.3,4.6,11.2,11.2,7.6,3.2,10,2.7,7.4,3.7,10.7,6.4,10.7,6.4,1.7,0,0.4,0,10.7,8.3,8.5,0.4,1.3,8.7,5.4,4,0,1.3,9.1,6.4,0.5,6.1,0,2.9,7.2,10.3,11,0,1.8,8,10.3,3.9,0,6.8,10.1,1,0,2,8,10,7.3,6,0,0,0.6,0,0,0,2.4,0,1.2,0,0,5.8,1.9,9.6,10.4,6.8,0,1.1,5.6,10.2,10.1,6.4,9.6,4.8,9.8,9.7,3.4,0,6.2,9.8,6,3.6,9.6,2.6,8.2,6.3,7.5,1.3,6.9,1.9,7,0.1,7.3,7,6,0.8,8.9,4.9,0,0,5.4,9.5,9.2,0,6.3,7.3,7.7,4.7,5.7,3.8,5.6,5.7,6.2,2.3,8.9,0.6,9.2,3.9,4.2,4.3,9.2,7.8,4.9,0.8,6.9,4.4,5.9,3.3,0.3,7.1,0.4
ã{çË,9.6,6.5,9.7,9.5,0,0.8,0.7,2.4,9.3,9.3,7.3,0.4,9.1,9.9,9.8,9.4,9.2,0,4.2,8.5,9.8,9.5,9.9,10.1,10,10.1,6.2,9.3,0.7,6.6,9.9,5.1,10.3,10,2.2,0.1,10.1,8.7,6.6,5.4,9.6,10.5,10.3,10.7,8.5,10.3,8.4,3.4,10.5,10.7,2,10.5,0.3,6.1,4.4,10.9,0.7,9.1,10.9,0.2,9.2,10.6,10.8,0.2,4.8,9.8,9.6,9.7,7.1,11.2,10,0,7.7,10.5,3.8,11,2.4,5.7,0,8.4,8.9,0,4.5,0,6.8,10.6,11.6,0.1,8.3,0,4.7,10.5,12.2,11.9,0.1,0,0,1.9,8.1,0,3.6,11.5,12.1,12,9,1.9,0,5.8,12.3,0,1.8,4.2,12.1,8.3,4.2,0,4.4,12.7,12.4,11.4,12,3.3,0,0,0.6,8.2,7.2,10.5,0,6.3,12,3.1,1.2,10.1,10.1,0,9.2,13,13.1,12.2,8.2,12.4,9.3,0.3,1,11.2,12.7,10.8,12.6,11.7,2.1,5.1,11.1,11.9,12.9,11.5,0,0,11.2,9.9,7.5,4.7,1.1,2.7,3.3,13.2,7.2,1.1,9.5,10.7,0,5.4,0,0,0,0,0,0,0,4.6,1.8,10.1,11.9,12.6,1,6.8,0.2,0,2.2,1.8,0,9.7,2.6,12,10.5,12.3,13.2,13.1,4.5,1.3,9.6,8.6,10,9.7,6.6,3.3,7,9.3,6.1,8.8,7.6,8,8.8,12.1,0.3,3.1,0.2,0,9,9.9,1.6,7.5,6.1,6.7,6.5,7.2,0.5,10,10.9,10.8,10.5,11.7,0.6,6.2,12.3,12.6,10.9,9.8,1.1,10.5,11.8,10.9,7.5,10.3,11.2,11.5,0,0.3,8.6,2.5,8.9,11.3,8.6,2.9,1.5,0,0.2,0,0,1.3,10.7,9.6,1.4,0,0.1,1.9,0,2.6,0.2,0,4.1,10.6,7.7,3.8,0,4.1,3.3,3.9,1,6.1,9.3,8.8,10.5,9.7,8.8,2.5,0,0,0,0,0,0,0,0,0,9.1,3.7,10.6,2.3,0.6,0,3.9,8.2,9.6,9.4,4.8,1.7,6.9,10.3,7.9,0.3,0,10,7.2,9.1,7.6,4.5,1,3.3,7,0,2.9,10,0.1,9,0,9.7,8.1,0,0,5.2,5.7,0.5,0,9.6,8.5,0.3,1.3,8.1,9.3,7,4.9,9.3,2,8.4,8.3,9.3,5.7,0,2.8,9.6,9.6,9.1,6.6,9.6,6.6,8.4,0,9.5,9.6,9.7,4.6,8.2,8.5,4.2
èºéR,9.3,1.4,8.3,7.5,3,7.1,4.1,0,1.8,4.6,7.4,5.4,3.4,3,2.6,3.5,7.2,8.7,2.3,0.8,8.2,0.5,3,6.9,9.1,9.6,4.1,9.3,0.9,1.8,9.5,0.4,6.7,9.7,5.2,0,7.3,6.2,3.2,0.7,3.7,3.9,7.4,8.3,4,10.1,9.5,0,5,9.9,0,9.7,2.7,0,7.2,7.2,4.9,8.3,10.5,6.1,0.3,9.2,10.5,4.7,1.4,6.4,3.9,6.7,9.7,10.7,10.9,0,8,4.2,8,10.9,6,10.7,4.7,1.4,10.7,0,6.8,0,4.6,0.9,8.5,0.8,9.3,0,7.7,4.6,11.6,11,2,0.9,0,0,1.6,0,0,7.9,11.8,11.9,6.5,11,0,8.3,11.1,1.8,1.8,10.4,12.5,10.4,5.5,0,5.3,12.4,8,12.2,10.6,11.7,3.9,5.5,10.9,2.2,9.6,9.4,0,0.6,10.7,2,4.6,9.8,9.5,1.7,10.1,13.1,13,12,6.7,13,10.9,0,3.7,10.5,13.1,12.9,12.9,10.9,2.8,4.5,12,11.7,13.3,13.3,5.4,0,6.1,11.1,9.1,2.7,5.5,11.4,13.3,13.2,11.8,8.4,9.7,12.7,2.8,1.3,2.2,9.9,0.1,0,0.4,0.8,0.5,2,4.5,10.6,8.7,10.6,0.7,0.9,1.5,0,0.6,2.5,4,6.1,2.4,11.8,11.2,11.3,10.2,6.7,1.6,4.8,6.5,9.4,9.6,6.7,3.9,3.4,5.4,8.2,8,8.9,11.9,8.7,11.3,10.2,4.7,9.3,6.3,2.3,0.8,5.7,1.2,4.7,9.1,9.5,11.3,2.4,0.3,2.4,10.3,10.6,11.9,11.9,5.9,8.4,10.8,11.4,6.1,0,11.1,6.6,8.8,8.1,11.8,8.8,9.2,7.5,0,0.7,0.5,0,10,6.7,10.3,1.5,1.9,6.4,3.7,0,0,0,9.8,6.4,1,3.9,0,0.8,3.9,10.8,9.9,0.1,2.5,8.7,9.7,4.9,0,3,8.1,3.1,0,3,8.3,10.4,10.5,9.8,1.5,0.3,0.3,0,0,0,0.5,0,0,0,0,5.9,2.7,5.8,10,9.2,0,0,7.4,10,9.9,4.3,6.8,5.9,9.7,9.6,5.6,0,9.2,8.6,7,8.4,8.9,1.7,4.7,7.6,3.6,0.1,4.5,1.4,7.4,0,6.4,1.7,3.7,0,9.2,5.4,0,0,4,9.2,8.9,1,3.1,7.1,7,1.9,4.2,3.1,1.2,3,3.4,6.1,7.6,0,5.8,1.4,2.6,5.1,9.2,4,3.2,1.9,3.1,3.1,6.5,7.1,0,7.1,1.2
ìﬂîe,9.9,6.3,0.4,0.2,0.1,3.7,1.2,0.2,0.2,1.3,2,0.8,0,0.2,1.3,1.9,5.6,0.4,4.3,0,1.2,4.5,1.4,3.9,5.1,6.6,5.3,5.3,0.1,1.7,1.9,3.8,1.6,5.3,0.7,1.5,0.2,0.2,0.6,0,0.5,1,7.5,4.3,9.7,2.2,5.6,1.4,4.1,10.5,1.2,7.5,1,0,0,0,0,9.4,0.1,0.1,4.1,0.9,7.1,7,0.3,3.6,2.2,1.9,0,0.1,9.9,0,0,10,0.1,0,0.9,0,5.4,2,3.1,1.2,2.8,0,1,9.1,10.4,4.3,8.6,6.3,0,9.2,8.7,7.2,5.6,0.7,1,8.7,5,1,0,1.2,6.4,7.6,0.5,0.4,0.5,0.2,7.2,0.6,4.1,0,4.9,7.3,7.2,1.9,0,7.9,12.2,11.4,11.1,0.2,0.8,10.1,2.4,0.1,4,9.7,6.5,1.3,3.9,3.8,0,4.1,3.6,0,0.2,8.1,10.6,0.2,0.6,1.1,5.3,3.5,2,4.9,4.2,0,5,3.7,1.1,0.2,0,2,0.3,5.9,5.5,10,5.4,1.8,6.4,8.7,0,2.4,0,0,0,0,0.2,0,2.5,3.6,6.4,7.6,6.1,7.6,2,4,8.1,6.4,4.6,8.4,6.4,1.4,9.7,8.5,9.4,12.1,11.2,8.2,10.2,7.3,8.9,8.1,10.4,10.7,6.7,5.6,12.3,11.4,11.6,8.1,9.4,12.1,7.5,3.6,6.5,8.8,6.6,9.2,8.5,8.4,8.2,8.7,9.8,6.4,3.9,5.2,4,10.2,10.7,7.3,10.2,10.3,10.4,8.8,12,6.4,11.1,8.3,11.4,4.4,5.7,8,7.8,6.8,9.8,5.5,5.9,6,8.1,2.1,8.7,8.5,10,3.7,1.8,3.1,8.8,7.4,5.4,9,5.1,8.7,7.7,0.1,0,5.2,0.4,3.1,10.1,10.6,4.5,9.3,5.4,6,8.9,6.7,9.1,7.3,6,5.1,9.1,10.2,10.5,11.1,9.3,2.2,7.7,8.7,4.1,6.4,6,7.2,5.1,5.7,1.8,6,2.9,1,3,4.1,4.1,2.5,5.1,6.7,7.8,4.8,6.8,0,0,1.1,0.4,3.5,3,8.8,7.6,0,7.8,2.7,6.8,9.2,5.4,2,1,0,0,2.2,3.1,0.1,0,1.2,3.3,2.4,0,2.6,1.1,2.9,0.1,0.1,2,5.4,4.4,0.4,0,0,0.1,0.9,5.4,7.2,0.5,0.1,5.3,9,3.3,3.5,3.4,5,5.3,5.7,0,0,0,0,6.4,5.7,0.3,5.5,2.9,2.8,4.8,6.2,1.4,9.1,1.7
